43,157,7,41,157,32,248,163,13,126,9,158,121,172,238,159,48,3,157,55,96,162,45,42,199,182,191,253,129,4,217,123,250,199,17,110,154,185,201,46,127,109,236,195,65,81,236,181,233,47,16,144,17,144,116,83,222,215,236,58,194,123,177,186,122,155,176,14,90,155,46,138,151,238,244,200,22,137,13,7,143,207,178,145,5,60,241,149,241,67,145,131,238,6,86,154,19,67,187,138,69,200,248,93,90,18,229,47,142,142,200,169,11,28,38,234,50,181,221,240,45,32,135,33,197,53,137,244
37,202,112,220,208,181,193,248,237,66,164,172,70,75,248,175,216,58,161,210,80,58,173,117,112,243,231,30,190,25,169,24,173,45,100,189,217,209,4,128,208,222,248,169,253,189,248,81,242,128,241,92,220,132,232,104,172,136,154,159,26,254,137,23,219,185,84,115,23,106,79,85,129,145,246,100,162,255,196,221,175,253,82,39,92,64,165,97,137,28,98,110,114,83,254,138,185,54,241,116,50,113,215,237,122,148,163,166,59,100,199,207,90,220,226,37,111,1,25,216,52,81,43,247,207,246,239,186
23,243,68,182,115,186,128,104,217,148,171,192,214,97,247,173,239,31,127,63,58,199,218,14,45,166,194,156,135,197,211,111,97,221,150,116,121,107,106,148,192,148,91,217,54,21,207,193,186,97,122,245,214,1,208,142,185,227,203,201,214,53,23,36,180,169,44,251,62,53,238,55,217,8,90,164,35,12,69,215,8,143,153,48,22,225,84,174,61,154,83,249,226,184,76,143,211,76,76,110,242,220,84,80,28,66,97,63,43,253,131,105,119,51,81,100,142,182,88,211,26,10,206,25,248,248,134,81
84,149,175,144,186,182,1,63,32,155,160,185,5,37,156,29,47,241,3,143,252,83,197,124,123,100,113,153,209,45,120,127,162,163,12,149,185,214,132,20,107,116,121,51,115,249,50,142,72,171,239,88,98,98,131,220,192,39,125,86,203,20,232,73,165,113,125,56,177,51,208,118,105,75,45,219,24,12,173,102,40,11,192,214,162,151,103,109,152,5,204,247,248,252,87,106,176,46,105,160,61,78,161,118,133,84,56,187,114,186,201,146,211,244,192,236,10,68,169,164,12,192,53,126,203,153,112,240
89,118,138,82,233,189,57,109,178,6,160,193,199,162,200,33,197,215,57,9,61,38,31,162,238,62,46,193,88,33,101,221,36,195,102,200,53,177,126,247,211,48,84,53,105,205,104,168,59,190,197,208,201,230,144,135,24,188,69,201,31,95,164,62,125,183,155,111,219,170,110,131,151,50,46,144,82,58,139,37,91,55,32,212,18,124,126,190,109,123,204,33,54,79,115,84,145,24,209,133,209,211,3,89,110,20,218,218,3,218,107,86,245,7,217,235,137,58,75,124,114,209,2,136,189,131,246,239
254,136,122,230,204,94,151,205,192,62,81,128,252,183,181,245,98,14,171,148,73,220,178,191,1,209,119,180,169,202,250,12,185,0,135,2,39,118,253,34,233,77,23,77,35,68,146,50,100,189,239,125,27,66,110,9,163,93,185,148,173,55,127,190,206,204,30,139,132,11,233,164,64,47,140,23,160,76,199,130,70,118,53,86,242,115,124,58,73,202,214,12,226,104,221,126,181,24,234,48,249,114,30,170,156,240,1,187,72,91,161,193,7,30,94,193,98,207,214,228,134,95,88,111,231,92,179,151
49,36,66,43,201,73,182,136,215,218,253,193,51,115,78,151,254,48,203,22,175,32,183,78,11,255,78,40,101,14,113,210,80,45,158,61,94,251,189,91,52,120,106,243,173,85,247,14,92,112,14,237,44,169,199,147,245,85,32,178,162,170,178,129,162,226,27,151,91,253,37,186,241,157,255,16,109,174,78,226,40,193,159,94,149,108,12,255,32,191,21,0,197,203,214,141,33,232,145,95,134,113,190,224,58,41,23,228,58,83,6,181,246,98,71,138,11,133,87,86,39,47,7,69,241,173,82,152
72,98,83,13,163,208,189,123,119,229,226,56,95,85,250,187,69,58,88,174,207,44,113,196,226,188,8,90,143,49,45,156,143,82,90,241,154,15,146,88,119,209,38,61,250,6,188,75,241,246,159,20,179,189,127,180,83,167,152,62,158,115,198,73,53,136,152,188,135,161,74,220,91,241,146,28,5,21,204,254,121,151,107,193,218,25,4,64,134,86,191,4,165,97,84,53,187,236,152,250,49,203,127,6,229,241,9,28,220,204,126,36,174,171,20,182,142,75,117,158,133,215,209,104,100,88,118,88
29,137,121,210,196,149,67,127,111,223,173,24,197,113,97,194,95,101,29,255,158,172,103,172,101,3,202,97,48,136,134,148,215,92,32,174,236,129,166,68,70,242,200,254,86,248,151,135,85,158,157,137,48,133,16,64,124,165,194,61,241,214,95,91,217,216,73,19,160,249,154,232,192,39,67,217,133,210,211,225,198,171,36,206,238,169,131,206,150,50,173,131,216,227,115,130,25,203,208,18,145,28,19,145,91,148,56,142,37,62,33,137,192,193,155,179,53,66,190,147,217,149,110,149,173,146,244,161
71,228,12,99,129,157,153,176,225,33,15,251,214,239,116,230,163,94,232,105,74,221,174,3,25,84,152,81,43,185,229,117,174,170,129,233,250,142,115,70,182,27,252,175,224,86,116,59,127,34,109,172,238,29,24,145,104,242,47,248,187,120,114,3,214,109,27,56,169,38,180,229,140,213,48,107,38,221,42,78,212,76,164,7,122,138,225,14,127,235,8,157,239,105,195,42,247,51,26,164,14,32,204,204,63,231,66,31,235,229,104,195,229,101,194,116,124,88,43,18,92,54,13,106,240,18,86,68
20,143,242,147,2,160,121,60,244,2,122,178,177,220,13,147,77,9,15,42,115,61,25,112,226,171,8,158,80,129,42,84,242,187,101,164,32,205,146,120,242,221,93,198,44,94,229,8,26,96,200,117,187,81,9,201,50,204,142,216,170,192,66,155,69,171,201,135,9,124,21,164,152,19,220,78,82,25,76,62,225,45,178,4,204,107,14,9,247,243,178,150,100,47,209,157,44,80,159,236,200,2,32,101,137,177,78,40,81,185,167,193,140,166,233,81,241,67,113,175,84,127,115,47,213,39,152,46
103,18,89,231,110,68,6,206,70,46,251,47,176,231,43,18,6,242,51,157,99,120,126,62,17,230,65,120,137,225,60,234,56,80,118,241,40,230,181,60,7,191,38,187,7,24,106,44,45,61,161,130,156,41,38,112,46,72,77,112,155,148,171,128,67,212,92,228,93,219,238,140,66,89,51,47,2,124,61,143,110,103,250,113,60,137,37,89,99,245,32,213,196,230,194,146,139,125,157,49,0,185,134,130,165,24,114,3,21,145,172,132,117,236,170,35,58,201,200,139,181,99,110,221,62,217,224,49
53,1,175,20,215,87,187,69,224,178,106,82,29,211,59,203,221,123,11,39,0,7,7,13,75,214,156,25,177,32,231,115,230,58,238,67,111,112,239,9,100,252,221,214,80,72,61,181,247,127,216,162,136,214,112,105,252,23,225,215,28,134,226,30,242,118,246,183,181,14,101,76,20,78,37,81,98,201,30,40,146,150,186,245,66,0,3,2,162,246,94,88,52,226,133,110,84,117,82,13,130,104,73,163,190,169,87,37,161,105,114,147,131,149,165,20,106,113,146,22,143,41,219,232,71,95,81,236
27,226,69,35,18,107,104,245,194,61,24,22,35,133,116,41,165,181,45,100,82,24,155,60,131,28,180,242,54,57,54,88,86,226,139,103,115,32,125,143,93,174,141,81,194,153,115,248,75,113,183,206,105,218,6,176,193,25,180,57,52,208,165,140,54,78,109,17,59,49,199,136,223,175,59,174,6,145,241,146,176,45,64,199,249,20,13,102,233,101,198,119,58,162,51,123,28,36,195,149,116,243,159,79,93,129,162,45,11,105,168,121,24,106,190,184,202,224,5,67,182,246,121,242,95,201,113,24
100,139,54,63,142,78,252,113,82,61,164,151,138,39,23,189,78,238,71,196,2,148,34,79,202,48,168,145,21,54,137,195,83,116,253,185,246,61,191,239,150,175,45,33,38,195,216,70,116,231,61,23,193,85,116,234,235,213,211,84,245,171,145,35,226,2,97,148,164,80,51,253,60,226,250,181,240,133,237,77,126,215,40,219,231,62,182,206,232,224,118,229,238,143,59,175,245,14,159,207,145,243,87,197,220,18,54,104,101,241,70,190,102,35,107,135,238,239,73,226,36,75,145,86,158,102,232,105
172,24,219,54,246,251,229,146,158,30,182,14,193,198,224,74,2,89,119,94,166,219,95,202,51,12,72,31,73,232,104,197,245,77,249,153,196,30,96,231,180,50,85,220,66,97,180,117,128,18,99,131,97,142,247,229,106,34,59,92,94,153,235,147,224,19,22,87,251,56,227,46,210,24,86,23,17,146,121,145,233,86,110,12,72,28,158,239,11,198,123,206,45,61,219,67,151,220,178,123,202,240,100,237,118,247,226,115,106,192,124,188,107,156,194,194,175,146,151,182,70,144,80,186,78,111,2,40
185,139,54,90,91,252,39,210,128,87,181,18,185,86,116,91,220,128,128,201,102,65,232,159,238,131,204,65,201,85,151,117,111,103,159,106,133,207,117,101,26,156,6,37,52,172,86,75,123,38,41,38,187,166,102,131,71,65,217,153,167,156,31,153,186,25,242,153,166,112,173,170,13,23,48,55,228,48,50,15,169,13,99,105,238,145,2,59,88,202,20,72,216,125,252,109,185,226,118,186,92,59,71,134,110,177,148,101,205,172,197,14,28,58,20,146,147,85,28,137,236,3,190,99,64,247,114,190
218,110,125,104,9,248,100,139,37,62,245,91,126,174,90,19,228,199,167,97,180,231,177,78,134,247,227,146,81,17,254,43,129,27,52,56,104,160,57,228,77,48,40,113,22,193,249,226,185,187,141,172,159,224,152,70,174,186,158,173,69,108,170,202,133,137,184,130,143,25,75,1,137,77,187,172,24,211,228,241,52,65,134,143,159,209,102,0,230,191,105,245,186,22,60,205,241,119,254,147,197,240,203,186,43,133,174,237,122,191,92,77,198,204,207,108,29,168,83,77,229,5,6,105,212,171,24,171
255,133,161,148,6,200,151,97,5,255,95,250,78,29,178,247,202,56,46,246,66,215,183,95,39,238,236,17,75,28,225,90,118,27,236,142,7,42,155,98,98,34,84,100,96,95,86,188,36,35,57,110,35,77,82,186,127,189,54,173,195,73,214,161,176,250,231,3,142,80,48,26,154,253,210,237,84,80,167,232,183,122,3,21,61,70,54,214,224,204,140,12,57,89,103,149,49,43,212,43,126,33,78,57,121,152,118,8,238,190,5,180,251,5,232,78,72,99,157,66,158,191,64,108,191,4,6,30
220,50,187,3,205,18,179,29,188,53,37,111,25,235,128,165,243,89,224,80,130,62,205,72,167,102,151,173,244,32,245,15,11,197,99,86,51,177,39,82,73,187,241,29,68,80,160,250,248,51,43,220,10,2,65,86,81,127,15,44,242,243,39,59,35,30,146,6,203,163,230,48,155,63,250,133,75,218,95,155,71,189,30,52,153,202,240,21,107,93,147,75,19,230,115,183,249,20,187,130,182,78,23,216,35,202,235,224,74,163,78,189,111,221,67,103,38,213,170,146,217,151,34,253,169,120,208,101
30,172,41,86,208,243,9,1,144,69,164,170,39,118,209,12,40,249,81,231,115,4,17,51,211,150,220,11,58,171,209,165,221,93,31,0,86,131,33,113,2,5,82,161,186,90,212,111,49,46,64,84,62,115,247,204,72,105,12,73,73,62,213,53,182,20,138,149,232,88,15,5,123,229,183,91,143,136,57,196,107,187,132,145,141,103,70,139,226,47,50,94,4,137,11,119,176,188,4,150,155,195,159,0,223,54,252,157,116,159,86,107,232,142,181,38,0,178,4,65,212,192,99,164,160,90,122,101
92,143,28,51,135,109,139,77,225,185,230,233,55,73,108,13,112,231,236,142,180,220,179,152,137,60,124,68,125,57,39,219,45,94,154,40,206,240,96,75,206,192,9,104,205,125,45,96,56,98,98,40,55,221,190,79,187,97,187,238,95,39,168,78,217,225,73,154,179,21,208,10,40,164,60,87,147,248,138,248,69,36,165,8,178,86,52,246,142,251,35,61,111,68,114,15,201,146,0,137,118,31,45,113,117,71,205,88,0,190,93,46,77,79,151,129,213,173,58,142,3,99,219,108,210,252,42,58
136,65,236,8,151,246,158,201,243,108,58,140,151,175,227,1,114,221,38,89,207,47,119,235,206,48,105,178,200,90,199,166,233,151,148,227,21,47,6,120,207,255,153,25,52,55,223,129,57,224,18,25,100,105,71,184,182,177,141,77,218,70,188,154,44,177,25,183,147,197,172,61,152,78,12,88,124,251,180,14,135,86,161,152,46,188,73,69,26,242,94,71,128,62,147,94,163,221,23,134,70,193,143,21,56,196,8,171,121,159,57,236,133,35,187,140,62,180,34,251,146,91,140,29,136,201,224,250
236,94,17,155,80,113,159,151,13,189,139,49,190,117,73,73,27,188,126,100,243,165,153,108,50,245,61,70,5,69,6,194,242,228,44,76,47,223,244,212,113,171,119,188,232,138,249,53,105,241,131,239,159,47,107,239,235,22,128,126,128,193,9,195,52,56,211,184,103,167,211,67,57,75,174,26,121,155,188,37,163,82,85,249,247,228,167,56,243,84,26,108,45,214,38,169,6,138,153,119,126,211,158,182,149,18,30,54,79,196,197,167,210,218,230,63,137,212,84,35,250,250,247,27,99,155,207,218
73,61,95,23,6,253,80,187,145,171,177,131,177,143,40,196,208,95,96,188,92,213,82,86,18,138,163,39,13,108,92,121,135,74,138,2,206,136,71,204,88,126,90,181,222,149,148,29,131,44,90,37,55,119,144,76,231,71,210,102,206,76,242,138,229,10,119,229,32,170,69,232,187,164,178,118,157,248,129,126,136,102,43,144,62,29,32,154,85,113,18,96,215,177,51,130,67,190,50,152,73,116,204,179,178,8,121,160,115,12,187,192,192,63,27,196,136,48,166,179,50,91,188,110,181,57,153,65
171,116,227,48,16,196,125,247,74,106,113,210,199,118,0,101,148,168,193,170,14,248,31,190,0,23,219,146,121,238,29,8,179,246,128,75,73,245,124,4,44,55,185,203,29,237,91,192,235,240,94,166,214,188,188,185,61,2,239,124,245,160,133,220,128,120,34,42,65,185,145,233,223,52,27,77,135,115,111,66,183,229,94,164,236,100,201,94,177,230,159,91,26,249,46,242,233,32,215,130,41,77,205,237,15,197,216,188,22,100,195,221,156,51,194,30,174,7,228,34,72,6,191,159,166,174,234,241
140,202,46,164,180,209,79,171,86,40,232,250,159,127,250,162,205,167,10,77,115,253,38,40,106,88,198,89,1,239,154,38,113,78,108,126,128,194,164,196,108,172,248,25,221,195,235,73,202,19,105,148,64,190,130,149,86,124,255,175,230,181,69,1,151,183,133,135,130,120,1,132,94,210,53,138,246,12,132,90,144,149,114,121,24,126,20,147,244,145,219,161,184,77,54,48,213,159,179,36,124,176,124,50,190,106,119,243,210,159,75,203,7,205,226,60,32,94,60,200,230,221,184,206,171,197,163,39
233,129,86,60,30,222,107,126,246,21,181,162,85,13,183,243,63,126,28,57,136,25,236,96,13,223,177,137,90,154,147,45,115,187,106,171,81,82,180,147,251,83,66,51,50,180,95,17,32,62,49,85,46,79,186,89,222,211,57,162,34,45,96,58,87,128,49,52,178,225,168,52,161,73,47,190,102,212,50,131,122,57,122,174,251,187,44,228,15,60,84,32,37,19,6,198,98,252,41,71,232,38,238,255,193,169,117,162,14,150,212,246,67,19,103,230,10,168,80,40,49,208,130,36,163,172,130,152
1,122,38,107,143,93,240,7,192,201,31,13,132,85,39,188,133,124,246,110,135,244,48,118,174,32,71,208,242,69,104,70,15,34,41,95,223,42,24,160,152,219,90,21,55,11,78,149,132,88,186,184,160,246,14,90,51,212,107,158,84,120,248,46,165,159,243,4,25,163,114,202,209,223,47,96,199,87,86,114,61,33,128,110,63,220,198,44,42,32,30,151,46,181,82,82,119,67,26,224,222,212,133,204,148,68,148,157,46,75,178,81,66,3,129,189,145,177,72,158,167,20,47,235,193,71,194,212
186,88,158,232,127,99,70,87,100,191,152,25,33,234,112,234,30,73,210,103,172,183,159,79,131,4,213,33,230,137,123,70,61,168,138,229,221,156,57,55,58,99,207,231,176,81,165,241,0,74,202,68,241,230,164,158,54,164,165,205,86,57,214,71,83,103,84,123,247,14,3,82,5,198,75,200,43,234,193,27,168,212,10,129,56,113,71,192,204,248,24,165,158,105,53,31,174,64,153,2,19,72,99,14,145,227,26,143,96,101,67,106,80,56,236,42,108,94,70,122,201,67,37,101,48,187,209,138
51,236,219,59,106,102,38,202,22,33,191,103,132,252,82,178,15,230,67,115,68,62,54,69,94,59,87,62,131,184,204,246,221,196,62,20,145,100,14,155,144,175,27,88,98,144,31,237,72,189,125,171,214,139,80,198,153,58,91,157,210,222,83,205,79,49,141,155,130,109,248,247,48,206,190,151,33,100,11,127,177,162,119,63,182,213,60,84,97,49,231,250,243,230,247,230,74,197,84,22,249,227,65,161,238,212,218,43,96,44,129,84,250,226,89,97,178,41,144,62,139,151,236,242,133,223,90,103
200,249,167,197,140,108,37,102,172,140,1,23,190,95,71,5,250,238,32,215,51,219,207,164,23,15,5,99,41,23,228,194,201,5,130,145,222,160,194,239,87,21,217,66,136,104,139,180,169,161,68,188,104,228,206,0,244,58,173,185,63,138,172,245,104,42,216,55,17,237,185,244,36,131,254,124,251,6,72,31,41,147,194,60,225,223,48,37,7,105,236,160,157,70,188,248,73,48,150,113,231,13,136,94,60,214,7,41,145,6,194,153,231,220,17,201,125,220,20,223,56,34,83,153,132,73,136,147
17,34,30,71,78,28,125,225,217,231,249,217,89,245,219,156,224,194,81,239,209,138,28,34,80,250,176,205,18,73,230,47,206,43,63,107,223,141,62,157,103,30,214,161,228,211,198,141,182,123,76,99,228,225,47,242,49,172,106,61,247,179,4,209,94,82,24,190,96,44,64,37,250,153,243,161,31,94,58,248,140,183,163,177,160,151,209,254,82,188,70,108,139,130,2,19,70,65,88,43,25,44,170,49,127,120,98,245,197,191,13,237,42,123,243,97,242,161,31,104,190,182,104,236,214,146,32,178
187,96,167,22,155,240,18,230,120,19,150,18,235,49,20,155,82,196,190,8,19,42,234,17,150,158,93,150,27,92,122,140,33,81,19,54,252,143,169,47,129,13,236,171,240,173,96,190,11,143,81,33,253,184,74,235,113,249,113,255,21,218,200,215,14,31,83,230,252,48,109,128,46,21,192,13,52,42,26,120,51,104,216,188,198,140,101,83,165,74,73,134,37,187,127,2,70,254,24,44,62,246,89,254,189,130,211,130,10,105,206,25,140,4,48,102,77,32,67,217,18,81,51,228,209,83,131,69
84,90,31,180,214,34,39,210,78,4,18,126,226,177,250,13,174,158,88,55,31,181,253,178,200,172,213,43,31,85,169,19,182,58,71,57,12,241,53,25,97,132,17,37,92,88,229,187,178,252,185,178,53,174,249,120,87,244,85,160,23,84,158,155,109,43,140,197,171,161,86,240,250,40,21,192,174,134,2,108,238,2,41,148,14,124,71,3,54,87,219,14,57,162,116,207,229,51,245,119,79,209,191,68,42,113,143,179,114,87,77,201,100,121,215,16,6,177,127,39,116,58,147,90,48,53,38,251
239,85,145,210,100,153,150,61,233,137,25,126,229,132,187,240,119,172,139,182,213,88,236,42,159,114,19,62,204,11,19,122,230,30,205,188,206,147,236,167,145,113,78,131,16,9,139,230,181,247,33,96,182,55,158,68,201,196,252,196,217,57,177,168,175,165,234,100,207,235,168,87,167,221,91,213,96,99,168,61,102,154,81,49,4,158,122,157,223,135,91,46,87,64,170,136,56,26,195,109,104,75,30,62,63,185,7,94,63,16,173,234,91,255,238,138,174,74,142,127,93,170,212,152,252,45,167,40
89,205,254,9,115,88,112,193,135,189,99,235,111,85,206,199,138,125,204,251,201,170,244,245,230,204,16,253,159,32,34,37,73,205,88,141,43,48,28,114,140,84,82,175,211,127,83,198,233,126,46,150,214,67,36,4,18,237,194,25,179,80,191,96,154,83,225,97,35,158,188,136,124,76,76,182,124,68,4,7,118,82,151,225,73,221,132,137,206,29,64,185,80,8,190,167,57,251,110,239,218,83,86,108,244,41,149,247,8,190,204,63,135,141,99,6,115,69,103,230,62,252,165,41,208,153,127,201
122,1,107,137,57,211,179,122,238,50,160,211,255,68,173,51,12,24,0,226,99,238,99,97,54,27,41,198,15,237,103,254,141,219,25,107,6,120,51,47,82,189,47,196,85,154,34,214,69,190,123,128,127,69,221,13,180,67,123,55,134,251,146,84,47,253,88,227,244,127,217,163,119,18,251,110,39,37,129,228,154,17,54,80,2,96,64,94,157,116,167,25,6,189,189,233,117,71,175,202,213,170,157,54,111,242,125,197,104,249,210,4,239,17,23,189,60,74,37,163,25,183,120,8,129,121,108,110
145,236,103,232,71,85,117,197,33,153,18,214,194,152,160,106,155,242,130,154,51,196,29,133,25,30,255,231,17,121,193,64,202,235,173,97,155,222,118,15,25,162,43,111,52,13,219,219,64,19,10,129,84,176,132,162,218,246,41,21,165,5,240,88,55,250,24,66,129,210,61,36,54,150,35,98,41,5,243,243,224,140,121,29,143,168,227,33,154,1,120,231,32,148,238,79,43,190,51,27,104,238,7,10,18,155,135,200,92,165,31,142,43,234,122,79,228,240,124,180,233,56,227,172,78,228,68,142
125,175,245,10,82,26,70,149,49,191,10,135,62,64,154,34,37,182,15,81,174,136,84,75,35,188,12,201,156,40,238,172,144,183,105,213,214,198,77,56,66,125,150,37,165,3,214,89,225,41,89,120,176,103,84,154,249,46,142,187,30,90,141,199,108,45,136,162,216,1,176,92,83,106,179,194,177,120,218,140,51,35,17,73,228,213,154,60,124,117,168,202,3,12,42,233,129,181,220,151,209,163,242,141,78,28,139,224,186,135,173,15,154,191,192,124,181,55,13,210,54,41,142,182,170,144,190,47
11,233,44,2,221,137,192,78,24,188,219,190,38,202,89,164,72,248,182,227,218,124,156,201,46,195,96,164,106,140,167,48,16,43,49,193,254,105,111,17,204,153,185,47,249,242,133,45,117,106,98,67,131,211,155,53,237,45,255,12,100,151,139,10,138,106,251,100,153,3,158,140,116,234,181,148,233,108,28,225,102,173,75,174,80,20,2,86,251,173,205,162,24,249,180,205,149,26,239,180,84,249,43,100,115,70,7,72,119,112,167,219,232,244,146,37,101,226,145,7,137,210,162,217,236,229,97,8
191,195,30,239,225,150,163,209,28,223,3,221,202,241,51,115,184,175,172,186,229,235,145,250,0,79,112,71,136,17,55,198,214,30,32,39,2,136,209,172,104,18,255,168,223,144,31,43,86,161,86,37,187,217,7,199,50,182,68,194,9,188,218,223,180,50,184,246,11,150,138,247,42,214,239,160,118,0,197,113,112,72,134,120,177,140,251,20,197,185,55,114,226,194,145,248,52,205,193,204,47,211,234,158,1,169,146,175,237,169,231,116,160,124,190,86,221,232,223,53,197,70,229,115,92,170,105,81
110,26,110,54,206,112,150,137,157,28,101,33,18,22,74,169,228,60,216,125,152,198,80,72,195,90,129,108,88,223,237,69,60,152,134,244,154,157,59,245,52,36,106,198,213,255,162,238,251,237,140,197,202,153,129,188,143,173,32,117,173,221,239,52,139,90,84,92,74,4,177,23,18,165,236,34,6,3,2,70,228,63,208,232,180,245,175,9,133,135,51,72,16,198,194,105,75,63,101,40,3,85,39,76,118,209,156,220,194,18,223,106,226,180,49,224,182,108,198,171,188,77,21,226,151,80,60,234
83,88,141,138,221,249,89,122,197,38,44,16,163,197,146,123,180,226,46,125,117,177,120,55,222,179,228,36,66,179,104,79,180,225,183,53,1,113,62,163,15,215,7,206,133,77,118,255,174,3,225,82,254,234,215,242,226,113,94,226,219,127,191,110,233,98,191,58,198,150,177,119,123,170,233,132,179,67,154,3,141,20,96,195,15,137,25,63,252,120,197,102,234,255,57,74,149,214,96,68,25,54,162,198,105,64,79,248,79,77,98,46,225,161,133,51,129,150,66,171,130,4,186,219,12,238,162,194
205,86,237,238,190,67,179,77,202,112,116,114,155,26,62,45,32,98,45,21,152,23,232,63,28,24,151,217,120,155,226,133,74,107,79,41,166,21,155,20,77,80,193,5,179,250,212,148,80,66,87,9,203,37,14,164,35,7,27,75,19,181,168,70,23,184,121,201,131,231,156,192,158,131,192,243,230,164,2,237,33,19,31,23,197,89,95,186,108,85,174,183,225,144,216,242,161,56,23,105,219,21,252,65,212,107,123,140,34,174,16,181,25,129,249,173,158,114,127,223,188,82,95,15,231,147,203,122
198,134,209,211,211,180,134,167,89,155,7,234,59,85,67,87,57,202,126,142,41,236,69,208,55,186,4,117,226,49,50,134,182,83,248,225,29,81,84,189,247,203,100,110,133,184,115,126,165,132,133,237,153,121,63,217,9,12,174,15,148,136,151,224,30,26,165,177,231,29,156,210,43,154,223,139,188,9,95,171,178,114,79,242,132,64,78,116,91,30,250,186,144,38,184,117,127,173,153,165,163,35,9,51,222,19,23,88,90,177,127,2,84,2,49,185,35,153,92,117,219,25,125,185,71,204,145,248
199,74,178,30,205,8,92,111,4,254,93,123,202,101,29,37,16,98,178,70,121,204,12,183,35,14,165,142,74,178,163,105,148,59,132,253,83,196,231,121,195,85,205,69,148,17,213,118,194,150,7,27,152,100,167,145,110,85,31,5,77,78,185,25,234,24,104,17,100,191,11,136,147,154,161,40,246,119,124,163,235,85,15,179,180,186,138,43,65,35,153,254,231,154,39,4,88,225,48,185,253,48,65,20,242,78,61,124,59,119,144,72,94,182,77,220,182,21,153,152,170,24,122,34,48,108,205,34
90,47,196,4,121,205,9,125,89,171,145,195,229,54,6,49,33,10,236,231,101,54,208,155,60,26,108,71,216,58,253,110,32,114,50,40,121,48,3,252,149,231,233,116,15,243,116,28,84,197,152,180,255,169,40,144,238,67,206,198,171,253,72,152,146,34,40,44,193,66,116,114,182,247,154,167,49,3,237,31,145,106,32,44,68,213,132,219,136,172,185,213,188,41,128,173,135,12,82,4,7,225,2,208,236,184,23,179,154,224,138,180,160,96,230,85,173,77,124,176,6,144,226,78,176,121,89,61
247,9,36,118,121,155,157,38,144,253,234,200,63,126,43,219,84,132,237,222,151,65,167,206,25,69,187,29,191,131,140,63,245,59,63,104,230,59,118,97,86,230,158,37,243,90,179,212,78,134,23,1,211,143,235,205,128,12,230,123,192,192,181,183,165,241,95,58,127,238,234,122,128,126,11,214,145,79,61,170,58,164,42,180,221,130,52,66,169,42,47,206,160,166,39,26,181,248,98,15,65,55,91,5,106,80,161,151,216,166,136,198,205,255,29,212,147,187,1,139,220,156,89,157,113,203,204,253
226,64,247,0,98,19,216,69,174,104,217,55,252,126,84,116,35,141,209,166,85,185,186,184,241,180,62,60,107,49,239,173,64,231,59,76,240,225,162,20,103,85,12,206,109,174,99,138,217,177,9,220,150,26,126,219,96,2,63,215,56,147,194,218,146,20,10,100,237,11,85,112,125,3,142,232,175,198,76,145,26,127,28,132,243,139,13,128,144,200,12,209,240,162,77,142,9,178,161,140,255,75,85,162,242,23,1,139,88,52,246,108,209,166,137,31,100,154,117,244,213,47,102,48,179,113,4,66
106,230,10,127,50,30,99,98,116,213,253,152,115,20,19,15,12,90,145,64,99,40,211,102,175,18,101,248,151,178,82,178,59,214,204,120,111,153,102,27,50,231,186,56,199,223,136,204,77,227,201,93,246,250,144,212,34,124,123,38,236,192,29,31,153,227,81,136,34,24,85,249,255,105,221,208,208,8,68,49,229,155,19,79,71,41,215,228,241,56,10,249,165,100,15,253,5,183,181,62,227,137,167,18,145,227,212,207,72,88,140,114,106,38,111,247,178,135,248,13,250,103,154,190,13,254,39,11
219,253,198,55,145,111,139,188,41,195,148,57,163,107,250,179,196,162,108,0,135,140,129,91,132,220,33,245,145,138,237,109,1,21,204,39,76,136,32,104,7,128,200,88,87,191,101,29,94,55,34,171,219,221,186,101,25,144,55,3,222,112,113,170,59,1,90,35,88,202,86,72,231,61,115,107,167,73,222,11,185,1,121,192,255,83,252,166,150,150,217,208,106,241,153,253,174,250,23,179,251,129,47,49,71,178,50,44,148,37,130,149,1,205,120,9,1,245,118,129,55,208,149,118,157,151,41,127
183,89,201,172,31,209,105,69,183,174,20,190,75,32,31,251,184,93,219,203,90,168,195,192,170,173,42,147,230,53,85,185,205,39,178,142,57,47,18,197,226,123,4,220,49,141,108,149,52,17,210,12,130,184,14,164,20,243,7,118,100,64,245,24,73,132,92,210,72,236,170,121,233,28,53,221,18,68,101,129,27,118,240,160,93,167,243,6,203,133,143,235,162,40,251,86,94,81,168,93,163,215,128,134,171,226,158,27,161,107,224,165,130,111,49,114,229,108,22,197,251,79,239,58,100,109,91,164
7,209,116,0,96,198,159,253,149,46,213,244,11,111,41,60,88,49,173,159,102,22,60,143,72,140,166,45,168,124,210,69,188,101,198,228,209,176,108,141,69,59,142,202,185,107,152,190,97,39,183,136,32,78,76,179,103,117,9,78,170,118,13,234,116,70,4,253,241,183,99,22,13,255,137,16,47,214,92,33,120,87,89,96,57,46,75,87,121,8,193,73,208,176,232,12,248,68,45,71,195,175,147,157,117,48,175,28,148,129,33,247,66,15,77,128,106,206,182,133,91,179,41,190,240,163,76,42
175,186,39,22,200,186,53,171,71,83,113,13,247,52,131,242,69,203,150,137,250,28,62,178,178,125,169,15,239,228,220,84,63,56,219,239,125,29,207,119,15,189,197,167,35,70,174,55,192,207,40,152,12,28,240,212,94,247,51,212,41,18,151,72,40,98,66,104,44,34,2,209,119,107,45,191,252,219,78,13,126,200,88,197,215,41,126,30,251,112,107,107,147,126,255,222,115,149,50,32,223,173,82,251,36,11,186,68,114,160,198,51,192,253,43,187,202,2,26,188,125,16,225,223,215,250,240,206
87,34,205,216,199,80,62,197,133,167,74,167,219,121,204,217,92,73,239,153,194,246,218,55,56,121,245,226,158,180,236,181,137,167,39,133,253,26,68,168,139,168,32,147,251,14,86,52,216,74,0,245,131,90,141,153,28,29,113,58,33,61,32,12,36,147,73,150,207,29,227,4,212,44,237,200,142,60,159,160,216,187,2,193,148,175,139,39,249,128,13,151,149,12,141,25,165,169,41,52,117,207,235,26,20,119,98,201,113,110,217,37,117,34,152,209,73,235,252,55,213,104,21,111,201,44,248,151
176,200,16,19,217,15,69,0,98,237,22,124,212,6,179,79,77,184,72,26,162,65,194,178,146,106,18,14,251,21,8,42,174,172,16,156,119,239,180,83,213,248,166,201,122,164,154,253,219,27,60,224,41,62,48,231,247,49,23,119,159,89,226,181,175,172,184,131,66,245,133,140,127,229,89,186,200,117,81,27,70,116,36,194,116,192,111,238,119,66,156,197,27,67,12,116,4,45,105,220,246,183,49,39,239,231,198,70,186,69,104,136,184,102,75,57,178,51,144,141,37,18,34,115,3,22,167,34
22,38,145,80,204,0,127,79,13,216,23,195,215,208,12,190,125,75,131,78,42,139,252,218,159,203,140,120,245,30,14,10,89,9,209,15,21,41,40,162,247,123,201,144,59,142,84,189,99,153,166,118,128,158,101,0,130,210,126,155,18,221,188,97,246,146,227,89,240,76,47,195,82,74,217,46,28,161,128,65,219,160,10,155,88,179,240,61,83,209,230,216,201,235,115,141,102,4,43,97,109,139,180,79,98,30,22,50,84,130,234,48,227,165,47,138,29,31,94,221,47,234,61,249,190,167,151,205
236,153,51,15,168,108,176,190,85,198,117,144,251,144,65,58,254,182,17,187,26,209,0,152,231,181,181,180,38,6,110,81,49,213,156,81,13,84,31,52,6,78,166,132,34,236,45,137,126,10,160,177,25,217,127,61,148,39,13,178,124,109,94,117,79,127,223,63,118,238,48,116,2,134,54,238,84,114,191,156,56,169,167,155,14,165,156,43,253,175,180,54,68,86,162,206,240,196,57,27,184,237,237,160,43,162,54,240,102,52,85,36,179,231,79,33,170,94,157,229,172,124,86,52,141,160,166,75
206,175,115,170,88,10,185,233,104,30,23,241,80,176,184,215,15,65,119,8,57,144,74,199,34,22,228,136,211,134,222,243,151,168,112,117,114,107,190,246,41,88,169,6,156,215,184,210,176,239,77,89,142,129,148,190,108,91,20,63,121,51,45,176,109,221,17,138,177,100,62,211,60,169,187,39,240,165,75,253,95,248,109,41,241,250,163,183,77,212,200,120,90,175,184,130,202,167,72,203,238,95,41,35,212,147,36,10,10,147,70,91,37,194,125,111,77,134,106,179,3,27,166,158,235,99,81,66
141,26,241,170,21,196,3,129,247,29,155,15,214,21,239,105,222,76,126,22,165,55,67,73,83,71,111,41,121,119,223,137,2,141,43,41,231,23,7,99,255,224,69,98,142,96,8,67,241,153,250,100,135,83,18,86,27,152,85,243,123,175,57,97,50,54,2,30,75,33,106,132,52,97,176,55,120,63,192,64,41,61,24,203,77,45,218,215,124,144,146,238,224,60,15,45,51,60,237,109,60,169,50,189,156,110,15,156,206,131,69,17,111,220,46,85,174,49,77,88,54,85,21,175,65,197,163,223
196,131,187,244,145,1,195,82,212,254,49,42,154,26,53,245,203,196,214,172,59,253,37,40,55,99,14,46,84,171,162,198,98,203,144,130,124,94,240,185,216,71,86,95,232,30,20,31,138,251,225,147,235,179,52,18,154,92,86,68,141,117,47,114,224,184,176,255,114,151,232,212,72,184,125,81,251,92,82,213,122,83,196,79,84,62,217,223,254,218,73,98,121,214,117,24,221,65,217,129,236,105,15,86,155,180,27,232,78,92,129,125,234,124,177,182,233,200,225,142,231,130,189,177,65,48,86,82
93,46,26,164,136,37,82,232,225,5,50,35,185,67,52,198,200,244,200,96,119,0,57,243,20,80,84,98,70,104,170,140,100,169,241,154,168,235,173,113,102,61,208,157,64,197,22,200,58,135,148,225,227,66,237,106,252,11,149,114,152,163,81,187,161,104,243,227,107,168,5,200,140,22,216,244,64,166,122,31,13,109,98,248,35,207,72,41,4,161,78,189,43,200,70,5,254,95,240,147,80,106,41,215,253,30,27,239,170,164,212,252,159,252,230,211,19,21,90,169,224,233,195,57,202,59,4,116
235,127,239,204,66,187,108,249,161,153,70,3,55,218,62,127,246,11,102,66,24,175,67,8,155,36,159,193,61,223,31,16,41,225,122,59,243,67,216,204,55,0,119,113,174,90,197,137,230,57,68,218,207,79,73,104,86,251,242,36,148,199,23,117,47,101,215,248,254,245,154,209,102,194,251,207,251,212,34,192,9,240,115,151,17,91,211,79,124,99,181,214,247,237,161,225,67,194,175,138,117,135,251,210,90,203,91,191,184,113,135,38,220,141,150,184,89,42,236,249,35,126,56,71,17,167,60,39
96,65,88,192,125,194,46,180,206,152,197,216,154,105,124,96,42,78,203,17,145,168,171,162,225,218,127,41,104,83,238,115,174,237,154,0,208,39,136,69,92,121,255,132,123,59,140,162,212,95,96,180,143,59,173,78,131,217,236,52,225,0,98,143,188,229,53,247,148,208,73,107,201,246,125,157,62,215,0,199,26,78,34,55,185,155,116,248,224,243,51,161,77,170,55,199,171,187,143,28,130,218,237,189,178,128,128,135,89,71,171,231,142,200,167,89,252,180,156,37,21,46,245,65,23,178,7,54
169,130,16,57,50,76,51,223,177,192,51,159,102,95,58,127,8,206,222,37,190,137,100,245,109,190,103,178,209,61,88,122,107,228,224,74,201,26,227,97,13,106,29,145,251,110,126,16,219,142,212,15,236,192,126,200,22,223,230,158,253,63,144,140,136,117,61,250,240,249,161,42,186,95,206,254,169,35,3,101,227,119,131,38,56,117,185,250,32,17,163,102,153,188,112,28,94,51,149,70,38,129,155,23,176,11,177,109,3,32,106,194,253,43,237,253,19,170,221,139,57,236,232,81,118,255,188,84
213,118,26,50,205,102,128,250,250,132,213,174,101,167,42,69,107,219,15,220,90,197,109,96,241,70,196,103,9,65,177,203,211,199,242,12,172,178,63,72,65,146,201,117,164,98,28,208,148,57,72,193,181,13,49,181,7,157,235,16,106,84,148,109,73,28,172,243,212,143,124,135,164,34,184,84,10,248,206,41,35,134,188,225,0,225,23,151,83,33,87,104,120,160,23,61,183,211,114,132,13,194,136,137,177,16,44,13,29,127,120,34,69,246,169,228,97,213,135,154,26,152,162,166,0,160,217,249
231,163,140,9,225,126,197,205,41,251,113,210,172,106,30,222,63,245,109,182,214,123,228,240,81,33,204,254,152,92,241,6,215,83,24,105,136,225,180,113,159,235,250,242,22,220,78,179,241,55,239,174,29,253,14,39,166,187,220,28,124,143,130,35,14,223,197,136,73,89,83,175,10,19,0,188,18,136,108,36,240,66,198,123,32,117,108,14,248,42,134,181,2,160,182,241,70,229,214,254,155,226,43,140,251,175,240,4,177,33,197,174,26,117,58,171,209,69,29,99,205,180,103,190,88,249,50,116
89,96,0,114,5,27,183,255,192,10,190,253,14,91,135,9,174,157,41,39,112,99,58,153,105,26,213,207,137,13,67,143,126,191,15,70,249,139,113,253,146,253,163,109,231,143,143,32,125,234,13,225,207,225,70,243,100,122,232,157,185,146,42,242,141,115,250,42,149,198,223,24,27,234,27,120,5,118,190,31,101,24,87,198,166,169,133,149,223,44,55,214,82,34,163,171,133,41,25,97,134,153,250,102,17,221,68,62,81,117,135,201,23,162,53,111,194,141,184,157,223,168,88,222,115,131,157,164
179,54,145,93,225,57,76,53,135,253,34,34,65,41,19,137,124,10,229,238,199,32,41,232,156,185,54,252,11,174,207,187,77,20,208,139,52,50,46,134,228,56,160,248,242,69,131,143,75,164,164,117,121,142,240,73,129,1,146,29,142,239,222,45,134,231,170,107,132,182,159,119,74,233,112,249,171,94,94,251,211,7,195,76,248,77,248,87,109,21,231,203,234,255,90,234,127,82,111,70,114,252,82,10,48,66,103,213,113,45,140,141,224,109,228,76,109,186,197,30,57,230,240,71,197,187,100,235
60,68,6,50,144,137,139,117,107,141,230,36,76,116,57,153,244,33,123,161,98,184,210,149,131,99,231,53,90,131,178,73,188,102,22,199,36,27,9,75,71,81,194,26,233,95,147,229,208,215,34,52,141,140,234,168,25,178,124,188,213,146,50,46,106,136,227,225,171,202,185,27,207,232,166,87,248,25,199,87,93,242,123,73,154,97,56,191,142,64,39,100,181,234,247,65,40,231,38,217,45,115,44,83,31,144,249,134,252,20,139,168,43,105,145,158,64,139,123,89,155,44,43,145,11,53,65,178
72,181,33,77,42,85,81,168,252,16,223,241,238,49,140,227,176,160,202,140,246,118,32,143,58,178,182,28,8,246,95,192,103,134,244,223,179,142,65,105,141,240,173,98,231,149,113,152,191,62,217,194,161,60,2,50,159,146,163,223,145,185,13,214,62,73,138,79,209,112,88,156,143,196,101,144,195,44,94,183,116,83,230,159,46,33,183,253,192,148,134,166,98,219,150,198,106,152,3,4,238,95,238,251,254,62,23,20,226,208,186,105,163,164,127,46,244,242,75,69,67,48,148,117,230,67,213,202
226,231,248,145,52,33,69,192,22,192,201,253,64,178,167,114,184,173,119,220,155,67,213,187,10,208,167,173,19,109,205,102,223,146,131,114,27,128,79,161,113,198,119,252,133,74,226,94,46,182,219,146,37,34,32,208,108,249,183,106,78,130,153,151,73,228,79,246,17,49,83,252,69,202,210,249,180,240,234,27,35,82,80,25,219,160,170,15,42,117,85,182,161,25,65,239,162,150,226,210,138,10,143,5,108,130,171,248,41,111,201,58,47,223,247,255,59,43,75,138,203,199,60,52,35,137,176,18
182,68,171,197,35,128,131,82,243,13,17,147,180,181,103,170,143,139,45,154,59,102,26,168,2,16,173,106,7,123,70,46,247,214,67,46,69,11,180,198,62,184,170,240,204,239,220,88,1,130,27,154,88,42,125,104,240,214,96,188,195,17,50,72,99,36,52,165,196,62,170,165,211,111,219,93,203,78,41,160,23,254,210,133,69,50,20,125,17,147,171,248,165,226,54,224,183,37,57,59,148,149,106,69,5,136,148,45,47,218,216,176,44,225,139,13,135,193,107,145,175,208,55,125,95,167,231,72
125,153,112,217,110,72,216,110,153,123,146,221,130,217,51,166,191,102,9,147,94,22,219,43,0,254,209,6,32,23,37,4,167,78,119,80,117,170,24,198,61,121,152,67,212,248,150,154,96,128,218,31,183,239,171,247,84,186,69,94,29,124,188,207,115,71,37,119,213,191,77,89,116,179,29,213,169,65,90,22,17,86,239,192,230,195,6,135,244,41,70,225,206,54,72,221,45,37,205,88,54,95,182,121,13,30,40,130,41,127,20,232,36,194,4,142,98,205,7,0,245,86,164,142,202,199,107,132
109,94,106,28,98,149,44,26,214,18,165,102,119,72,75,7,21,212,217,17,254,35,172,98,170,199,123,238,36,6,68,184,44,43,239,181,96,72,234,254,190,64,138,83,213,184,122,231,163,227,23,147,119,139,243,177,254,31,80,181,240,117,249,95,206,200,251,93,216,207,251,175,41,73,202,21,164,163,68,104,244,146,167,229,142,189,67,217,52,138,88,234,4,34,14,109,71,136,212,235,71,79,14,29,163,160,109,14,167,42,213,206,199,143,181,11,51,150,42,125,243,224,203,66,107,30,212,76
220,221,77,129,11,174,51,178,142,49,40,56,109,47,48,5,113,85,83,14,85,188,226,135,193,141,13,40,240,194,34,187,153,61,149,73,144,42,153,179,144,57,53,182,98,99,80,85,13,34,2,57,103,172,33,232,167,249,54,172,3,81,41,79,214,106,240,85,255,217,55,86,6,220,51,218,175,173,169,35,152,204,179,24,119,63,196,34,218,47,208,91,103,35,25,69,159,144,160,252,70,179,119,8,20,251,17,129,218,230,67,26,114,87,102,37,154,130,93,194,243,168,213,202,130,209,167,246
108,128,33,99,109,193,118,171,122,77,77,163,7,97,33,98,123,231,161,144,127,205,112,65,24,222,162,173,120,97,189,220,172,105,92,8,199,51,120,251,223,81,234,86,72,81,138,167,115,205,28,20,43,106,19,199,209,80,62,203,114,87,236,138,150,79,157,63,69,229,248,8,119,115,159,128,229,193,56,82,27,24,57,186,232,96,214,172,230,28,162,95,227,153,127,115,250,87,12,175,38,97,214,139,50,67,219,242,62,131,45,117,69,27,250,154,160,105,74,94,184,116,64,40,214,226,172,29
11,165,115,171,232,141,126,107,23,51,229,98,235,117,188,66,124,181,210,48,100,135,105,60,57,202,23,203,112,74,180,228,143,152,76,211,189,70,70,109,189,160,229,236,38,27,133,215,75,66,55,23,3,152,111,101,44,68,185,16,31,100,92,5,2,227,237,59,215,51,205,25,151,178,100,10,151,224,45,191,177,168,50,15,52,33,86,254,171,241,0,99,6,215,211,44,57,181,21,133,38,18,151,199,164,70,174,34,193,27,224,24,134,113,205,133,149,131,119,171,17,54,190,82,1,242,112,219
127,149,36,164,158,157,172,49,161,83,18,34,91,182,101,45,178,171,142,234,53,109,237,252,169,142,25,155,127,150,0,165,120,246,222,36,172,251,118,26,112,33,247,5,162,1,162,171,77,209,9,207,17,91,2,70,41,214,138,183,78,27,151,134,40,41,134,77,29,156,62,226,148,253,120,164,36,112,13,83,173,113,92,141,177,152,133,162,130,164,114,49,20,36,188,119,68,55,70,25,140,83,192,28,94,45,94,242,253,62,74,65,107,90,201,197,208,87,68,150,214,82,212,94,242,59,216,237
174,80,110,29,177,246,254,42,145,121,222,141,20,79,142,167,142,15,32,43,203,5,36,244,176,199,146,82,11,46,207,113,105,21,71,251,91,87,93,198,63,14,242,59,93,82,107,39,25,111,148,239,207,210,248,9,158,26,0,7,4,138,207,173,100,156,123,63,141,228,22,62,238,93,136,122,142,17,171,230,177,11,46,139,108,35,133,126,17,103,12,250,192,239,228,123,165,33,179,17,12,244,152,206,193,201,184,169,192,16,202,173,239,20,238,201,130,69,14,95,71,203,178,85,121,110,42,190
6,66,133,57,233,87,61,127,207,97,84,121,200,174,69,97,152,171,29,18,79,169,211,235,124,97,63,31,226,202,230,60,207,224,78,105,36,64,86,253,184,135,177,135,217,147,10,172,143,140,66,67,137,181,136,119,225,104,116,71,120,175,146,184,153,199,72,82,214,202,142,106,216,126,39,195,228,74,105,49,84,111,74,106,50,3,109,238,83,225,63,117,181,159,172,20,17,222,118,216,106,183,19,220,120,97,148,15,127,209,152,225,2,29,84,173,163,73,248,248,163,98,52,142,169,110,132,227
130,236,27,62,127,234,55,145,216,236,250,209,100,241,155,220,133,250,255,197,119,98,194,45,98,63,203,122,81,67,180,57,24,78,148,147,178,16,146,69,206,49,161,123,64,12,80,247,152,166,239,80,172,12,203,125,204,43,74,208,27,238,218,172,246,63,154,66,65,132,47,54,220,78,158,52,35,11,181,192,18,244,67,157,121,39,243,14,3,118,7,174,148,175,212,66,196,206,28,204,140,155,243,44,165,3,99,32,151,63,143,155,177,177,229,172,156,5,165,130,210,253,10,166,157,20,68,156
196,86,28,161,126,195,87,161,5,254,30,104,61,70,179,199,20,67,218,223,8,230,92,13,175,40,163,229,1,145,203,24,111,72,119,140,31,145,60,242,206,37,175,229,206,96,95,36,246,79,253,17,45,224,60,0,252,253,224,145,166,97,221,115,109,204,170,65,16,8,42,120,245,212,80,72,14,95,121,89,136,151,121,137,44,171,139,116,81,218,159,182,101,221,175,218,217,151,79,103,253,34,140,77,46,184,91,78,98,230,162,224,51,227,188,87,121,80,98,45,62,94,142,123,237,134,184,31
145,135,58,92,28,99,24,175,230,82,30,78,23,237,89,247,68,164,94,165,157,148,247,79,208,138,63,127,79,85,65,130,176,121,209,193,114,182,182,59,238,232,230,17,204,116,160,158,15,177,47,67,160,195,128,194,214,212,160,72,83,128,18,173,222,244,55,122,40,196,43,216,195,235,203,126,100,195,49,78,175,194,109,48,28,75,181,2,74,161,226,39,92,91,109,218,233,173,166,148,103,187,124,15,131,167,185,116,45,188,58,184,139,17,177,14,58,42,82,156,39,97,40,48,118,118,135,118
219,254,168,90,17,231,198,43,27,2,193,110,185,25,14,109,172,154,37,54,97,82,149,41,199,27,234,87,202,148,170,2,245,25,250,143,219,91,114,22,92,200,242,117,125,172,158,204,12,185,52,179,124,220,44,123,164,226,244,198,172,233,75,75,184,237,215,13,45,12,232,88,246,53,251,144,128,69,146,151,52,175,61,204,15,240,99,255,157,60,118,113,67,51,182,36,136,100,235,176,197,253,203,100,101,206,79,11,216,60,106,92,158,36,255,79,142,131,248,67,101,86,107,157,128,36,10,147
75,117,100,14,16,129,61,184,131,66,184,67,160,34,184,128,127,35,222,15,94,164,187,81,105,191,178,203,220,192,69,22,156,164,248,238,36,152,117,113,121,161,136,14,234,23,23,158,118,52,248,174,56,230,197,220,198,237,57,58,77,62,58,172,106,136,83,94,191,158,200,149,52,95,252,62,191,126,28,178,85,47,61,251,70,212,75,253,46,112,106,233,217,17,59,43,12,51,171,121,195,239,140,124,206,188,174,1,0,126,73,7,196,160,28,47,60,208,167,39,18,245,74,6,152,233,108,246
105,35,66,75,147,3,91,46,54,32,224,152,201,178,106,141,3,74,164,164,110,233,202,36,225,179,9,245,116,225,233,30,54,48,93,169,168,161,15,224,178,72,8,53,52,243,28,77,184,65,140,157,234,176,184,24,100,84,59,48,137,187,147,80,6,108,103,94,148,122,118,214,252,241,234,156,228,106,251,31,133,44,51,110,200,194,85,222,8,78,174,17,250,103,9,233,92,107,192,36,114,101,179,243,252,247,149,180,18,172,142,19,174,186,226,41,100,153,220,42,105,172,136,69,67,146,187,248
172,60,221,196,182,93,128,106,68,71,226,164,2,91,247,163,69,14,123,180,144,200,250,84,77,103,39,195,197,4,159,143,29,122,226,92,125,198,120,157,243,128,123,122,142,253,222,114,172,207,47,23,55,197,148,47,178,223,231,90,198,167,194,123,215,74,123,25,9,165,152,130,163,135,226,68,191,7,38,62,157,219,150,104,48,13,113,165,127,136,104,203,130,41,240,13,44,194,188,220,139,235,159,248,215,99,211,28,220,255,67,108,201,228,255,165,186,238,193,190,221,73,251,110,130,87,82,199
119,154,225,11,228,199,20,221,85,219,48,15,206,232,80,219,101,45,10,78,103,208,76,132,59,197,185,206,115,7,59,248,29,55,51,224,100,185,49,199,130,183,241,7,183,223,139,177,13,125,152,74,222,50,27,67,61,255,1,185,159,170,172,208,6,247,193,254,44,118,150,139,111,251,52,216,90,191,182,12,118,74,167,94,126,49,101,66,51,97,101,253,56,45,212,53,33,255,239,31,231,15,192,228,229,151,167,62,249,168,7,228,250,75,129,195,204,245,237,63,213,215,115,66,82,216,41,184
170,217,83,71,54,35,58,237,211,190,220,62,164,28,155,182,138,83,174,48,4,225,64,225,55,62,208,18,93,71,196,54,34,206,68,56,253,69,30,31,172,185,161,35,156,113,123,5,193,75,229,165,80,40,71,211,72,159,146,28,6,117,198,193,218,178,28,238,247,137,55,203,220,99,212,145,209,163,178,40,220,117,131,113,175,200,228,232,171,209,59,13,242,221,68,114,174,0,20,250,133,205,243,173,243,165,170,218,18,142,178,155,92,15,129,103,139,233,132,29,67,164,211,154,212,17,236,89
34,127,196,45,13,39,96,170,60,8,98,209,184,89,119,240,174,158,201,162,80,203,36,254,143,13,21,38,44,84,52,92,86,105,163,160,119,121,21,136,242,202,107,161,140,89,42,151,184,192,142,148,247,177,92,10,187,79,41,93,186,197,205,184,83,7,213,182,179,121,178,68,198,242,49,109,123,219,26,171,82,246,135,10,12,127,82,149,136,3,251,23,107,243,62,72,31,182,3,146,242,67,177,243,204,2,228,152,49,173,204,138,25,125,42,111,13,232,237,7,15,12,22,197,135,56,203,110
106,80,107,199,2,23,134,133,15,73,227,153,70,181,241,105,113,235,10,62,155,245,121,216,121,157,221,236,170,125,42,60,180,195,186,63,107,95,50,145,102,131,29,21,228,50,254,198,88,252,1,160,142,44,167,151,206,152,166,36,23,224,131,186,202,145,236,61,166,203,237,253,35,80,43,143,248,31,101,118,92,209,182,15,248,55,11,177,245,235,133,229,82,133,232,234,204,222,7,124,93,112,36,115,8,93,23,244,138,200,168,84,251,61,130,33,8,62,33,162,224,126,221,134,68,20,251,165
212,52,110,73,142,53,205,68,38,202,137,151,16,152,164,219,152,121,143,93,239,181,246,72,221,5,168,33,17,108,178,142,191,207,152,102,193,33,122,22,145,246,236,203,131,187,251,136,214,118,121,7,193,95,185,19,15,57,241,75,255,44,166,97,133,192,41,133,234,15,15,91,126,93,188,248,50,244,15,128,193,210,138,164,112,49,24,204,145,21,89,79,220,86,222,216,117,41,109,230,249,48,152,123,226,211,203,76,38,54,114,208,166,238,152,3,152,58,8,30,227,100,240,128,78,177,228,169
128,144,133,142,53,245,198,200,247,151,51,168,49,142,67,138,97,179,69,91,21,224,134,166,143,193,17,248,13,114,238,152,114,135,186,173,170,147,186,39,223,24,116,96,36,99,134,215,235,131,163,227,212,173,123,176,35,128,87,60,129,86,134,98,59,204,29,54,242,112,80,96,97,43,238,215,81,69,113,121,222,51,51,76,69,103,63,182,93,147,177,178,123,205,100,174,225,224,114,82,7,182,78,177,245,71,66,246,75,219,111,202,161,98,174,247,84,126,144,113,237,116,203,189,197,136,111,151
82,157,116,15,243,172,189,130,211,147,2,189,252,190,159,118,113,150,76,211,92,116,123,187,129,30,59,122,87,94,110,122,63,0,51,239,119,249,184,129,175,38,216,235,202,78,47,120,164,224,20,168,112,246,127,97,249,48,185,13,35,87,87,161,190,39,1,161,159,140,194,253,230,153,179,194,86,20,47,83,138,53,162,118,232,36,163,143,29,119,200,31,253,149,86,29,248,105,216,55,169,151,200,123,8,233,220,147,206,123,52,81,166,169,196,244,152,230,17,137,81,101,221,59,175,175,29,38
184,14,54,208,2,177,80,180,57,222,92,51,63,135,177,25,123,4,136,163,142,242,163,180,32,247,79,109,240,211,218,5,98,68,46,126,223,148,132,255,115,92,217,123,4,61,90,166,82,41,24,171,189,239,231,53,23,158,54,159,150,198,128,194,116,68,238,187,15,158,37,52,201,194,49,101,62,137,188,16,32,237,95,77,56,173,30,33,162,47,181,72,40,217,5,38,222,248,91,10,236,40,94,175,114,25,83,208,157,85,143,163,41,207,29,155,98,136,27,131,104,193,212,43,59,30,77,58
65,41,152,76,126,219,150,135,164,28,221,233,88,89,226,141,165,118,165,7,167,139,178,219,52,252,128,40,114,176,176,52,72,243,56,231,37,150,107,154,110,113,32,133,251,245,42,97,56,110,208,76,133,225,78,62,144,150,17,208,38,68,105,149,46,154,184,30,73,144,203,17,106,193,52,35,172,98,39,173,144,14,109,189,189,124,177,36,91,156,112,53,232,190,179,223,121,160,227,44,25,206,233,70,62,113,52,254,144,233,68,113,212,182,100,189,71,44,151,17,165,81,10,53,43,69,22,149
159,201,203,13,205,130,253,59,3,28,70,136,19,216,167,169,36,37,243,162,164,209,46,137,252,154,241,117,218,59,143,40,208,146,35,197,35,100,231,244,16,252,99,234,43,97,214,176,57,162,62,177,187,220,107,237,65,236,33,186,9,199,176,168,97,36,212,220,181,136,154,124,45,102,43,186,191,38,30,17,130,57,86,8,92,142,52,109,59,35,73,188,25,57,170,115,116,254,250,147,131,252,148,232,10,63,100,58,123,131,83,170,19,112,207,208,14,189,31,146,96,204,240,232,201,49,99,11
144,130,1,192,139,40,239,186,156,251,161,44,70,31,26,106,125,152,167,166,180,89,179,168,44,134,85,16,202,206,225,232,51,88,86,156,83,57,102,238,66,108,82,48,99,14,251,51,227,102,232,32,191,227,235,13,100,129,250,75,98,28,54,16,25,211,110,20,187,59,135,163,103,130,86,236,156,81,245,55,196,181,107,186,174,134,117,233,155,234,216,229,70,14,28,18,90,65,44,227,99,54,114,15,183,157,47,197,237,27,244,220,196,240,72,142,11,145,28,204,182,98,65,183,233,141,242,80
45,176,253,171,34,92,98,249,14,110,145,225,46,238,240,97,172,174,64,124,49,95,182,142,38,165,76,19,28,30,104,62,253,15,127,136,103,166,173,183,59,248,157,97,141,165,227,34,97,7,136,195,61,210,17,248,172,207,165,106,18,20,91,84,28,232,108,237,98,74,114,11,28,53,122,180,230,52,8,90,117,43,78,71,12,196,93,123,130,238,230,3,62,139,175,246,126,161,184,47,120,180,176,222,40,194,136,175,28,189,134,67,26,210,49,147,251,32,196,168,210,87,136,220,68,248,230,197
200,68,160,98,158,118,53,132,254,191,195,106,218,91,217,105,250,109,190,42,104,206,176,205,187,100,52,246,193,253,194,151,44,103,173,67,232,74,102,189,106,20,214,158,81,160,229,168,16,41,111,134,100,241,194,219,192,119,17,130,104,48,187,128,124,132,51,105,199,242,177,170,90,36,207,203,234,51,200,73,226,211,140,51,82,25,208,81,60,234,161,106,214,55,214,71,191,26,38,12,42,229,107,129,113,184,200,30,57,9,22,216,101,31,51,155,99,215,132,91,50,224,106,235,29,207,232,197
135,209,134,19,29,49,31,70,205,223,170,116,198,26,1,59,56,198,147,213,216,27,227,218,197,217,41,98,253,55,117,23,105,2,142,108,131,119,77,74,95,78,249,201,165,119,94,226,77,200,165,198,227,208,61,151,29,129,77,235,244,215,120,200,167,146,172,206,5,166,49,71,113,143,35,108,211,31,162,146,181,99,207,48,151,206,26,51,250,126,53,168,15,248,200,159,105,196,147,95,52,191,166,33,64,193,148,109,79,135,182,186,26,4,200,211,178,178,65,216,96,119,99,172,155,19,72,55
20,126,71,85,31,136,10,21,93,98,251,3,223,38,200,28,101,234,205,27,16,79,66,84,31,61,163,14,101,142,117,208,140,249,233,21,196,105,252,232,141,50,139,176,102,13,11,98,187,135,160,12,195,67,144,113,108,37,243,25,180,203,255,9,126,197,68,171,206,187,109,222,45,115,64,60,189,157,235,106,222,51,132,52,26,239,34,40,45,117,167,48,109,181,224,55,127,110,119,5,193,124,140,197,7,117,253,170,177,169,189,74,188,173,146,220,56,107,67,253,77,95,172,218,47,123,81,129
178,225,170,57,229,150,29,240,223,130,35,67,235,108,56,178,145,106,31,71,247,174,184,62,75,98,214,153,253,192,175,171,214,196,193,203,247,111,99,168,171,223,152,229,84,8,190,94,204,40,165,161,198,122,33,238,155,237,211,165,12,91,79,31,104,254,8,58,122,54,72,71,188,109,172,211,233,108,21,87,125,87,162,118,251,112,206,185,110,40,251,24,198,68,163,123,7,12,143,252,52,125,199,175,12,17,72,105,199,168,10,137,188,192,8,172,98,176,100,128,157,29,184,248,28,56,228,231
204,211,221,62,236,55,4,228,35,67,236,21,49,92,113,39,64,214,12,1,0,121,73,2,203,228,196,73,50,208,80,176,68,68,186,158,195,157,90,29,72,222,25,172,27,3,22,53,121,15,160,8,178,63,54,92,255,237,146,26,168,28,254,66,205,75,237,170,205,138,48,124,11,184,108,183,77,102,114,245,194,136,215,47,11,95,165,71,48,236,142,198,23,239,180,47,254,173,210,218,238,182,145,49,199,149,108,137,217,138,91,254,73,71,60,144,24,141,226,120,172,60,63,149,197,3,85,150
77,131,186,160,128,145,28,112,121,10,173,114,95,173,174,226,231,176,136,158,175,111,211,242,191,175,178,83,172,136,166,146,254,27,87,27,54,173,182,111,122,240,102,99,103,240,103,48,77,66,22,122,212,49,99,102,232,195,202,50,243,179,81,144,203,52,248,238,134,18,146,67,184,55,212,148,48,207,5,15,208,183,89,140,227,1,84,63,83,118,77,32,12,75,234,176,82,126,207,180,42,59,142,100,16,74,191,59,132,9,65,117,247,13,180,55,252,50,16,131,92,59,75,186,42,104,47,137
32,170,38,48,8,178,0,104,142,111,209,72,0,18,111,136,180,183,217,180,0,27,36,141,180,79,197,208,102,82,89,146,202,188,201,101,204,190,187,177,175,100,215,52,244,62,241,73,162,203,175,228,217,83,45,223,159,132,4,132,52,104,104,100,130,41,150,24,228,131,9,8,252,151,8,18,111,113,150,7,109,133,233,15,19,62,123,127,33,150,56,165,228,190,222,163,62,144,215,226,251,62,140,125,207,188,27,139,141,135,45,119,82,180,160,44,87,40,5,251,219,113,109,118,92,9,243,121
127,232,103,71,136,48,149,230,74,85,62,108,114,206,209,165,210,65,104,228,170,237,7,255,57,159,47,5,232,101,89,64,246,124,191,13,106,84,186,116,234,32,145,226,222,233,204,126,169,12,152,48,184,71,201,252,81,96,36,89,103,173,87,185,128,100,153,210,105,0,62,0,215,1,23,229,210,56,149,153,154,103,137,254,90,133,211,3,122,218,59,49,60,84,200,30,192,213,218,4,174,42,209,202,218,185,219,86,162,67,106,5,2,149,14,187,50,129,87,159,1,166,201,115,202,168,119,228
164,92,162,97,204,222,57,40,27,2,33,97,14,240,197,70,97,96,193,215,218,195,159,150,39,64,74,128,204,54,199,50,220,19,160,143,198,178,65,173,120,56,60,36,223,58,78,118,79,207,21,146,43,176,238,55,29,30,101,71,77,98,95,92,139,113,149,21,22,162,24,88,159,130,57,169,251,53,83,2,86,46,179,234,54,111,185,124,157,200,27,215,115,126,23,136,80,103,234,224,154,6,196,194,243,222,171,104,220,100,221,20,22,148,168,161,73,189,126,119,7,158,41,5,67,115,189,3
241,3,228,3,129,64,64,240,178,12,97,213,165,225,89,197,239,37,178,71,245,118,151,237,105,36,107,2,1,82,189,153,140,58,143,235,209,58,216,119,179,139,5,36,132,248,253,255,236,105,30,125,5,149,27,199,228,69,139,148,156,251,183,6,163,222,251,94,54,250,89,39,252,214,4,136,129,126,248,216,141,159,156,30,174,191,46,248,94,158,170,90,146,233,71,171,93,221,228,34,214,92,123,11,104,254,116,68,2,247,121,185,128,48,235,41,192,144,181,93,232,219,217,66,119,71,204,31
90,254,138,192,241,162,182,61,49,22,38,39,6,38,203,236,104,120,21,163,37,57,36,57,60,245,24,77,61,161,164,181,161,96,197,47,151,228,32,111,227,63,94,200,48,22,153,194,29,94,198,204,156,39,193,13,74,247,137,3,132,79,54,250,110,11,195,96,16,150,130,109,87,199,225,216,104,45,208,202,151,65,118,161,219,154,176,253,151,65,249,33,132,242,171,246,192,183,139,159,6,214,185,12,159,185,101,146,68,137,254,9,94,219,10,45,235,242,61,206,151,154,97,103,97,201,127,137
204,57,237,157,215,213,15,150,5,184,70,109,75,129,84,98,194,150,47,34,195,110,182,146,16,248,242,231,114,112,225,194,58,114,77,31,70,23,74,47,12,188,126,218,42,191,111,159,102,117,90,217,71,23,73,30,29,143,84,197,196,30,86,73,95,36,26,64,252,0,118,20,139,146,126,12,139,111,179,159,213,76,88,206,91,79,51,148,158,126,37,105,161,175,155,226,246,199,243,145,47,135,72,241,72,225,218,199,139,7,178,27,6,214,222,186,69,34,242,45,217,100,97,10,65,237,47,65
95,194,26,226,8,33,174,46,41,63,19,26,88,173,136,109,52,8,74,158,212,190,151,120,41,218,248,180,13,132,9,154,115,46,136,46,255,60,18,104,154,199,56,239,44,105,138,199,150,252,30,83,198,209,8,117,120,145,214,76,34,77,55,240,47,109,204,234,244,69,195,88,166,40,151,28,130,183,55,89,201,46,74,218,228,247,110,227,98,67,1,124,242,164,16,189,175,106,134,146,176,27,226,152,176,150,144,15,51,52,233,18,50,205,249,108,168,224,184,141,123,229,173,148,96,148,232,213
232,71,192,117,43,63,166,172,205,209,172,71,174,36,182,181,164,13,112,239,240,34,72,87,180,117,247,231,75,27,29,107,180,166,145,138,190,255,13,85,226,219,245,36,28,184,157,224,68,5,170,164,199,76,36,133,85,56,87,80,192,167,147,143,97,145,131,173,134,161,171,173,95,237,114,143,204,110,82,55,90,71,155,110,33,152,66,48,195,254,169,0,95,3,86,107,250,174,255,166,58,162,133,103,2,93,12,143,9,92,191,217,241,187,150,110,116,9,253,24,76,175,37,236,96,20,207,255
78,35,18,102,69,251,72,198,192,213,169,225,126,148,53,92,50,211,159,43,121,55,209,116,87,154,95,146,167,142,111,50,3,78,3,86,62,3,111,54,21,80,227,22,240,192,100,224,126,112,241,164,11,120,234,198,40,177,36,37,56,163,87,202,44,39,118,160,158,138,149,235,84,7,183,105,20,48,27,253,19,137,57,38,17,243,114,188,103,133,99,54,232,137,37,110,140,165,94,138,123,130,109,77,58,224,4,132,226,218,151,52,35,184,30,251,145,226,70,194,10,93,145,26,217,40,30,76
241,131,82,118,96,255,253,227,229,136,11,180,240,180,226,196,89,238,29,164,241,230,17,199,165,165,160,103,199,149,67,76,16,184,138,185,3,158,250,56,193,216,44,156,152,230,219,71,19,25,193,177,179,135,246,46,127,228,229,239,171,194,70,2,79,175,61,170,156,241,80,96,187,208,6,67,48,173,174,49,88,241,95,124,96,160,223,202,70,225,167,181,107,77,183,201,98,11,34,252,191,249,228,70,143,33,80,244,48,26,105,139,236,226,195,59,31,53,252,200,75,85,29,154,220,100,109,182
115,136,232,123,247,25,101,36,148,53,228,219,38,153,104,47,131,52,51,8,150,25,47,123,2,156,40,28,130,148,206,109,29,251,165,1,122,204,84,188,26,80,250,151,180,235,99,198,53,3,175,103,32,108,26,100,251,253,246,208,36,107,85,245,223,180,184,77,47,62,1,171,90,106,3,204,22,253,33,158,221,250,130,243,48,29,165,72,129,179,112,67,192,255,30,145,44,127,11,201,209,82,12,185,101,21,134,22,138,113,220,54,87,140,82,243,112,174,197,20,170,145,189,173,146,152,101,87
230,237,178,206,16,247,190,162,86,147,250,71,160,254,157,161,180,49,218,122,89,145,1,252,220,94,193,137,242,22,121,213,63,93,225,72,70,251,72,121,8,253,220,28,38,204,192,241,83,126,72,84,251,35,133,183,197,31,24,74,201,68,51,35,164,52,219,221,189,9,64,129,151,174,59,134,42,124,212,106,232,218,55,25,156,154,215,162,83,44,31,61,143,217,188,66,171,93,51,219,125,89,74,43,117,177,24,232,69,22,6,237,243,115,80,251,167,158,51,154,147,49,11,181,202,58,234,40
145,154,82,119,116,211,50,134,78,146,103,189,239,46,56,135,18,218,21,136,187,120,180,13,141,79,198,207,142,42,203,115,137,24,238,27,153,193,116,38,26,58,32,65,34,163,120,71,68,46,158,150,255,177,239,5,232,145,56,76,125,19,193,217,209,61,90,243,20,5,159,45,158,39,154,231,229,86,174,171,216,243,187,202,223,41,124,33,64,151,2,222,222,51,6,146,235,119,17,177,97,146,11,248,144,25,144,243,79,110,235,233,139,123,6,89,59,43,96,59,103,75,98,15,124,32,106,22
165,199,206,61,180,39,170,188,47,242,126,159,203,137,31,243,225,94,200,32,246,171,112,59,238,60,60,65,77,5,82,101,241,122,25,60,50,201,82,91,232,186,246,232,100,170,188,122,21,140,7,139,72,140,100,78,122,214,127,190,208,149,139,125,157,31,71,205,133,239,53,215,176,175,27,111,213,85,243,206,60,107,62,122,197,6,13,163,84,72,173,125,6,157,194,56,67,0,188,2,17,115,205,65,117,204,105,39,168,78,206,245,235,173,116,184,124,198,65,88,116,231,89,238,223,236,21,50
66,193,54,95,245,202,70,87,179,73,129,92,166,241,186,235,79,41,2,63,187,181,24,182,75,173,134,196,231,69,18,102,9,190,179,85,165,207,19,245,105,55,30,244,251,1,180,108,100,44,227,167,38,193,16,3,9,142,178,118,225,254,40,47,202,129,227,191,153,204,52,51,52,100,217,143,213,250,73,8,215,229,22,89,122,195,35,163,80,132,0,104,127,123,120,64,105,215,102,97,158,5,83,155,28,3,83,210,75,235,111,119,177,133,73,71,41,180,178,218,123,195,8,232,78,167,87,111
210,0,41,191,234,118,206,62,235,74,79,195,168,167,234,199,43,77,209,101,107,97,17,173,135,60,140,235,251,42,193,54,137,48,21,63,146,156,5,24,253,81,52,157,42,35,33,90,151,163,194,214,62,74,51,195,188,228,174,125,91,44,243,237,43,228,149,33,252,130,80,218,100,115,143,37,192,122,11,214,32,139,5,103,153,182,199,134,136,95,218,26,21,181,109,163,232,147,27,99,124,150,154,125,48,11,35,227,103,120,66,14,229,210,66,232,254,15,99,181,111,41,189,4,206,160,190,203
144,95,45,146,130,45,97,63,220,136,28,63,220,145,132,212,90,124,253,188,112,38,173,122,244,246,137,16,131,207,163,97,60,56,238,82,16,142,79,217,137,180,38,216,134,185,92,165,78,33,240,121,80,233,254,176,122,83,81,179,113,123,187,156,111,191,79,48,30,82,119,114,68,150,22,214,182,217,105,83,86,214,218,168,197,223,231,57,28,9,130,2,118,177,219,161,41,164,190,210,188,112,106,150,227,89,41,92,21,88,138,192,67,195,207,159,66,214,50,64,33,221,8,26,12,123,149,251
189,229,106,119,73,14,192,129,40,141,159,124,105,39,33,128,54,202,177,172,92,218,110,55,128,95,181,27,43,157,67,231,56,35,17,174,213,94,15,20,151,146,169,213,8,207,58,161,28,78,68,222,144,224,176,143,50,199,37,69,12,209,41,165,111,189,4,182,142,61,117,126,240,23,39,193,24,155,100,9,246,126,246,214,16,0,210,160,251,253,197,140,119,24,224,28,232,38,79,203,111,223,77,234,140,12,147,20,107,247,50,35,139,233,83,204,219,186,123,8,4,191,227,99,235,145,64,41
169,218,164,74,223,42,48,200,212,179,95,237,85,82,61,19,118,88,67,227,167,239,69,195,225,160,240,196,137,86,52,7,185,125,129,169,102,132,135,40,186,124,92,150,230,103,153,92,33,150,50,71,207,222,178,79,126,158,123,170,201,92,68,42,99,182,14,219,102,56,52,135,93,148,206,115,170,226,14,195,206,217,89,235,74,195,139,27,251,88,115,26,230,242,92,57,48,124,232,40,83,25,167,200,227,243,163,59,152,76,73,10,63,70,170,229,66,151,120,72,42,130,207,238,33,127,230,37
52,20,118,90,127,166,48,239,133,31,24,141,246,13,231,51,94,240,231,186,185,183,248,26,50,251,247,66,53,142,58,189,40,19,102,72,196,186,150,189,237,154,115,192,11,28,3,165,241,49,148,4,148,29,14,156,109,235,252,117,18,152,31,17,82,112,42,188,193,195,206,26,39,226,91,221,8,193,108,63,39,206,167,172,41,8,243,150,26,238,91,82,209,141,92,127,192,64,186,145,180,205,92,53,242,46,87,33,91,255,131,215,7,95,143,161,207,214,42,211,252,63,215,124,128,186,125,125
47,150,227,244,255,11,0,239,135,66,156,49,60,23,32,194,25,23,249,194,2,248,40,62,131,167,2,166,173,110,196,88,115,3,42,252,112,152,65,172,118,132,89,62,148,113,236,23,162,157,233,165,21,213,145,201,216,183,105,209,112,127,246,15,213,216,217,12,177,55,220,84,145,243,27,215,90,172,125,134,116,32,110,243,206,32,89,59,54,227,14,214,129,11,236,219,27,9,104,213,68,52,5,91,182,23,85,77,155,152,41,34,184,21,6,159,249,54,133,21,197,235,155,129,190,85,90,13
